﻿<?xml version="1.0" encoding="utf-8"?>
<abapGit version="v1.0.0" serializer="LCL_OBJECT_INTF" serializer_version="v1.0.0">
 <asx:abap xmlns:asx="http://www.sap.com/abapxml" version="1.0">
  <asx:values>
   <VSEOINTERF>
    <CLSNAME>ZIF_ABAPGIT_DEFINITIONS</CLSNAME>
    <VERSION>1</VERSION>
    <LANGU>E</LANGU>
    <DESCRIPT>Definitions</DESCRIPT>
    <EXPOSURE>2</EXPOSURE>
    <STATE>1</STATE>
    <UNICODE>X</UNICODE>
   </VSEOINTERF>
   <DESCRIPTIONS>
    <SEOCOMPOTX>
     <CLSNAME>ZIF_ABAPGIT_DEFINITIONS</CLSNAME>
     <CMPNAME>GC_ABAP_VERSION</CMPNAME>
     <LANGU>E</LANGU>
     <DESCRIPT>GC_ABAP_VERSION</DESCRIPT>
    </SEOCOMPOTX>
    <SEOCOMPOTX>
     <CLSNAME>ZIF_ABAPGIT_DEFINITIONS</CLSNAME>
     <CMPNAME>GC_ACTION</CMPNAME>
     <LANGU>E</LANGU>
     <DESCRIPT>GC_ACTION</DESCRIPT>
    </SEOCOMPOTX>
    <SEOCOMPOTX>
     <CLSNAME>ZIF_ABAPGIT_DEFINITIONS</CLSNAME>
     <CMPNAME>GC_ACTION_TYPE</CMPNAME>
     <LANGU>E</LANGU>
     <DESCRIPT>GC_ACTION_TYPE</DESCRIPT>
    </SEOCOMPOTX>
    <SEOCOMPOTX>
     <CLSNAME>ZIF_ABAPGIT_DEFINITIONS</CLSNAME>
     <CMPNAME>GC_AUTHOR_REGEX</CMPNAME>
     <LANGU>E</LANGU>
     <DESCRIPT>GC_AUTHOR_REGEX</DESCRIPT>
    </SEOCOMPOTX>
    <SEOCOMPOTX>
     <CLSNAME>ZIF_ABAPGIT_DEFINITIONS</CLSNAME>
     <CMPNAME>GC_CHMOD</CMPNAME>
     <LANGU>E</LANGU>
     <DESCRIPT>GC_CHMOD</DESCRIPT>
    </SEOCOMPOTX>
    <SEOCOMPOTX>
     <CLSNAME>ZIF_ABAPGIT_DEFINITIONS</CLSNAME>
     <CMPNAME>GC_CRLF</CMPNAME>
     <LANGU>E</LANGU>
     <DESCRIPT>GC_CRLF</DESCRIPT>
    </SEOCOMPOTX>
    <SEOCOMPOTX>
     <CLSNAME>ZIF_ABAPGIT_DEFINITIONS</CLSNAME>
     <CMPNAME>GC_DOT_ABAPGIT</CMPNAME>
     <LANGU>E</LANGU>
     <DESCRIPT>GC_DOT_ABAPGIT</DESCRIPT>
    </SEOCOMPOTX>
    <SEOCOMPOTX>
     <CLSNAME>ZIF_ABAPGIT_DEFINITIONS</CLSNAME>
     <CMPNAME>GC_ENGLISH</CMPNAME>
     <LANGU>E</LANGU>
     <DESCRIPT>GC_ENGLISH</DESCRIPT>
    </SEOCOMPOTX>
    <SEOCOMPOTX>
     <CLSNAME>ZIF_ABAPGIT_DEFINITIONS</CLSNAME>
     <CMPNAME>GC_EVENT_STATE</CMPNAME>
     <LANGU>E</LANGU>
     <DESCRIPT>GC_EVENT_STATE</DESCRIPT>
    </SEOCOMPOTX>
    <SEOCOMPOTX>
     <CLSNAME>ZIF_ABAPGIT_DEFINITIONS</CLSNAME>
     <CMPNAME>GC_HTML_OPT</CMPNAME>
     <LANGU>E</LANGU>
     <DESCRIPT>GC_HTML_OPT</DESCRIPT>
    </SEOCOMPOTX>
    <SEOCOMPOTX>
     <CLSNAME>ZIF_ABAPGIT_DEFINITIONS</CLSNAME>
     <CMPNAME>GC_NEWLINE</CMPNAME>
     <LANGU>E</LANGU>
     <DESCRIPT>GC_NEWLINE</DESCRIPT>
    </SEOCOMPOTX>
    <SEOCOMPOTX>
     <CLSNAME>ZIF_ABAPGIT_DEFINITIONS</CLSNAME>
     <CMPNAME>GC_ROOT_DIR</CMPNAME>
     <LANGU>E</LANGU>
     <DESCRIPT>GC_ROOT_DIR</DESCRIPT>
    </SEOCOMPOTX>
    <SEOCOMPOTX>
     <CLSNAME>ZIF_ABAPGIT_DEFINITIONS</CLSNAME>
     <CMPNAME>GC_STATE</CMPNAME>
     <LANGU>E</LANGU>
     <DESCRIPT>GC_STATE</DESCRIPT>
    </SEOCOMPOTX>
    <SEOCOMPOTX>
     <CLSNAME>ZIF_ABAPGIT_DEFINITIONS</CLSNAME>
     <CMPNAME>GC_TYPE</CMPNAME>
     <LANGU>E</LANGU>
     <DESCRIPT>GC_TYPE</DESCRIPT>
    </SEOCOMPOTX>
    <SEOCOMPOTX>
     <CLSNAME>ZIF_ABAPGIT_DEFINITIONS</CLSNAME>
     <CMPNAME>GC_XML_VERSION</CMPNAME>
     <LANGU>E</LANGU>
     <DESCRIPT>GC_XML_VERSION</DESCRIPT>
    </SEOCOMPOTX>
    <SEOCOMPOTX>
     <CLSNAME>ZIF_ABAPGIT_DEFINITIONS</CLSNAME>
     <CMPNAME>TT_REPO_FILES</CMPNAME>
     <LANGU>E</LANGU>
     <DESCRIPT>TT_REPO_FILES</DESCRIPT>
    </SEOCOMPOTX>
    <SEOCOMPOTX>
     <CLSNAME>ZIF_ABAPGIT_DEFINITIONS</CLSNAME>
     <CMPNAME>TT_WEB_ASSETS</CMPNAME>
     <LANGU>E</LANGU>
     <DESCRIPT>TT_WEB_ASSETS</DESCRIPT>
    </SEOCOMPOTX>
    <SEOCOMPOTX>
     <CLSNAME>ZIF_ABAPGIT_DEFINITIONS</CLSNAME>
     <CMPNAME>TY_BITBYTE</CMPNAME>
     <LANGU>E</LANGU>
     <DESCRIPT>TY_BITBYTE</DESCRIPT>
    </SEOCOMPOTX>
    <SEOCOMPOTX>
     <CLSNAME>ZIF_ABAPGIT_DEFINITIONS</CLSNAME>
     <CMPNAME>TY_CHMOD</CMPNAME>
     <LANGU>E</LANGU>
     <DESCRIPT>TY_CHMOD</DESCRIPT>
    </SEOCOMPOTX>
    <SEOCOMPOTX>
     <CLSNAME>ZIF_ABAPGIT_DEFINITIONS</CLSNAME>
     <CMPNAME>TY_COMMENT</CMPNAME>
     <LANGU>E</LANGU>
     <DESCRIPT>TY_COMMENT</DESCRIPT>
    </SEOCOMPOTX>
    <SEOCOMPOTX>
     <CLSNAME>ZIF_ABAPGIT_DEFINITIONS</CLSNAME>
     <CMPNAME>TY_FILE</CMPNAME>
     <LANGU>E</LANGU>
     <DESCRIPT>TY_FILE</DESCRIPT>
    </SEOCOMPOTX>
    <SEOCOMPOTX>
     <CLSNAME>ZIF_ABAPGIT_DEFINITIONS</CLSNAME>
     <CMPNAME>TY_FILES_ITEM_TT</CMPNAME>
     <LANGU>E</LANGU>
     <DESCRIPT>TY_FILES_ITEM_TT</DESCRIPT>
    </SEOCOMPOTX>
    <SEOCOMPOTX>
     <CLSNAME>ZIF_ABAPGIT_DEFINITIONS</CLSNAME>
     <CMPNAME>TY_FILES_TT</CMPNAME>
     <LANGU>E</LANGU>
     <DESCRIPT>TY_FILES_TT</DESCRIPT>
    </SEOCOMPOTX>
    <SEOCOMPOTX>
     <CLSNAME>ZIF_ABAPGIT_DEFINITIONS</CLSNAME>
     <CMPNAME>TY_FILE_ITEM</CMPNAME>
     <LANGU>E</LANGU>
     <DESCRIPT>TY_FILE_ITEM</DESCRIPT>
    </SEOCOMPOTX>
    <SEOCOMPOTX>
     <CLSNAME>ZIF_ABAPGIT_DEFINITIONS</CLSNAME>
     <CMPNAME>TY_FILE_SIGNATURE</CMPNAME>
     <LANGU>E</LANGU>
     <DESCRIPT>TY_FILE_SIGNATURE</DESCRIPT>
    </SEOCOMPOTX>
    <SEOCOMPOTX>
     <CLSNAME>ZIF_ABAPGIT_DEFINITIONS</CLSNAME>
     <CMPNAME>TY_FILE_SIGNATURES_TS</CMPNAME>
     <LANGU>E</LANGU>
     <DESCRIPT>TY_FILE_SIGNATURES_TS</DESCRIPT>
    </SEOCOMPOTX>
    <SEOCOMPOTX>
     <CLSNAME>ZIF_ABAPGIT_DEFINITIONS</CLSNAME>
     <CMPNAME>TY_FILE_SIGNATURES_TT</CMPNAME>
     <LANGU>E</LANGU>
     <DESCRIPT>TY_FILE_SIGNATURES_TT</DESCRIPT>
    </SEOCOMPOTX>
    <SEOCOMPOTX>
     <CLSNAME>ZIF_ABAPGIT_DEFINITIONS</CLSNAME>
     <CMPNAME>TY_GIT_USER</CMPNAME>
     <LANGU>E</LANGU>
     <DESCRIPT>TY_GIT_USER</DESCRIPT>
    </SEOCOMPOTX>
    <SEOCOMPOTX>
     <CLSNAME>ZIF_ABAPGIT_DEFINITIONS</CLSNAME>
     <CMPNAME>TY_ITEM</CMPNAME>
     <LANGU>E</LANGU>
     <DESCRIPT>TY_ITEM</DESCRIPT>
    </SEOCOMPOTX>
    <SEOCOMPOTX>
     <CLSNAME>ZIF_ABAPGIT_DEFINITIONS</CLSNAME>
     <CMPNAME>TY_ITEMS_TS</CMPNAME>
     <LANGU>E</LANGU>
     <DESCRIPT>TY_ITEMS_TS</DESCRIPT>
    </SEOCOMPOTX>
    <SEOCOMPOTX>
     <CLSNAME>ZIF_ABAPGIT_DEFINITIONS</CLSNAME>
     <CMPNAME>TY_ITEMS_TT</CMPNAME>
     <LANGU>E</LANGU>
     <DESCRIPT>TY_ITEMS_TT</DESCRIPT>
    </SEOCOMPOTX>
    <SEOCOMPOTX>
     <CLSNAME>ZIF_ABAPGIT_DEFINITIONS</CLSNAME>
     <CMPNAME>TY_METADATA</CMPNAME>
     <LANGU>E</LANGU>
     <DESCRIPT>TY_METADATA</DESCRIPT>
    </SEOCOMPOTX>
    <SEOCOMPOTX>
     <CLSNAME>ZIF_ABAPGIT_DEFINITIONS</CLSNAME>
     <CMPNAME>TY_OBJECT</CMPNAME>
     <LANGU>E</LANGU>
     <DESCRIPT>TY_OBJECT</DESCRIPT>
    </SEOCOMPOTX>
    <SEOCOMPOTX>
     <CLSNAME>ZIF_ABAPGIT_DEFINITIONS</CLSNAME>
     <CMPNAME>TY_OBJECTS_TT</CMPNAME>
     <LANGU>E</LANGU>
     <DESCRIPT>TY_OBJECTS_TT</DESCRIPT>
    </SEOCOMPOTX>
    <SEOCOMPOTX>
     <CLSNAME>ZIF_ABAPGIT_DEFINITIONS</CLSNAME>
     <CMPNAME>TY_REPO_FILE</CMPNAME>
     <LANGU>E</LANGU>
     <DESCRIPT>TY_REPO_FILE</DESCRIPT>
    </SEOCOMPOTX>
    <SEOCOMPOTX>
     <CLSNAME>ZIF_ABAPGIT_DEFINITIONS</CLSNAME>
     <CMPNAME>TY_RESULT</CMPNAME>
     <LANGU>E</LANGU>
     <DESCRIPT>TY_RESULT</DESCRIPT>
    </SEOCOMPOTX>
    <SEOCOMPOTX>
     <CLSNAME>ZIF_ABAPGIT_DEFINITIONS</CLSNAME>
     <CMPNAME>TY_RESULTS_TT</CMPNAME>
     <LANGU>E</LANGU>
     <DESCRIPT>TY_RESULTS_TT</DESCRIPT>
    </SEOCOMPOTX>
    <SEOCOMPOTX>
     <CLSNAME>ZIF_ABAPGIT_DEFINITIONS</CLSNAME>
     <CMPNAME>TY_SEOCOMPOTX_TT</CMPNAME>
     <LANGU>E</LANGU>
     <DESCRIPT>TY_SEOCOMPOTX_TT</DESCRIPT>
    </SEOCOMPOTX>
    <SEOCOMPOTX>
     <CLSNAME>ZIF_ABAPGIT_DEFINITIONS</CLSNAME>
     <CMPNAME>TY_SHA1</CMPNAME>
     <LANGU>E</LANGU>
     <DESCRIPT>TY_SHA1</DESCRIPT>
    </SEOCOMPOTX>
    <SEOCOMPOTX>
     <CLSNAME>ZIF_ABAPGIT_DEFINITIONS</CLSNAME>
     <CMPNAME>TY_SOTR</CMPNAME>
     <LANGU>E</LANGU>
     <DESCRIPT>TY_SOTR</DESCRIPT>
    </SEOCOMPOTX>
    <SEOCOMPOTX>
     <CLSNAME>ZIF_ABAPGIT_DEFINITIONS</CLSNAME>
     <CMPNAME>TY_SOTR_TT</CMPNAME>
     <LANGU>E</LANGU>
     <DESCRIPT>TY_SOTR_TT</DESCRIPT>
    </SEOCOMPOTX>
    <SEOCOMPOTX>
     <CLSNAME>ZIF_ABAPGIT_DEFINITIONS</CLSNAME>
     <CMPNAME>TY_STAGE_FILES</CMPNAME>
     <LANGU>E</LANGU>
     <DESCRIPT>TY_STAGE_FILES</DESCRIPT>
    </SEOCOMPOTX>
    <SEOCOMPOTX>
     <CLSNAME>ZIF_ABAPGIT_DEFINITIONS</CLSNAME>
     <CMPNAME>TY_STRING_TT</CMPNAME>
     <LANGU>E</LANGU>
     <DESCRIPT>TY_STRING_TT</DESCRIPT>
    </SEOCOMPOTX>
    <SEOCOMPOTX>
     <CLSNAME>ZIF_ABAPGIT_DEFINITIONS</CLSNAME>
     <CMPNAME>TY_SVAL_TT</CMPNAME>
     <LANGU>E</LANGU>
     <DESCRIPT>TY_SVAL_TT</DESCRIPT>
    </SEOCOMPOTX>
    <SEOCOMPOTX>
     <CLSNAME>ZIF_ABAPGIT_DEFINITIONS</CLSNAME>
     <CMPNAME>TY_TADIR</CMPNAME>
     <LANGU>E</LANGU>
     <DESCRIPT>TY_TADIR</DESCRIPT>
    </SEOCOMPOTX>
    <SEOCOMPOTX>
     <CLSNAME>ZIF_ABAPGIT_DEFINITIONS</CLSNAME>
     <CMPNAME>TY_TADIR_TT</CMPNAME>
     <LANGU>E</LANGU>
     <DESCRIPT>TY_TADIR_TT</DESCRIPT>
    </SEOCOMPOTX>
    <SEOCOMPOTX>
     <CLSNAME>ZIF_ABAPGIT_DEFINITIONS</CLSNAME>
     <CMPNAME>TY_TPOOL</CMPNAME>
     <LANGU>E</LANGU>
     <DESCRIPT>TY_TPOOL</DESCRIPT>
    </SEOCOMPOTX>
    <SEOCOMPOTX>
     <CLSNAME>ZIF_ABAPGIT_DEFINITIONS</CLSNAME>
     <CMPNAME>TY_TPOOL_TT</CMPNAME>
     <LANGU>E</LANGU>
     <DESCRIPT>TY_TPOOL_TT</DESCRIPT>
    </SEOCOMPOTX>
    <SEOCOMPOTX>
     <CLSNAME>ZIF_ABAPGIT_DEFINITIONS</CLSNAME>
     <CMPNAME>TY_TRANSPORT_TO_BRANCH</CMPNAME>
     <LANGU>E</LANGU>
     <DESCRIPT>TY_TRANSPORT_TO_BRANCH</DESCRIPT>
    </SEOCOMPOTX>
    <SEOCOMPOTX>
     <CLSNAME>ZIF_ABAPGIT_DEFINITIONS</CLSNAME>
     <CMPNAME>TY_TYPE</CMPNAME>
     <LANGU>E</LANGU>
     <DESCRIPT>TY_TYPE</DESCRIPT>
    </SEOCOMPOTX>
    <SEOCOMPOTX>
     <CLSNAME>ZIF_ABAPGIT_DEFINITIONS</CLSNAME>
     <CMPNAME>TY_WEB_ASSET</CMPNAME>
     <LANGU>E</LANGU>
     <DESCRIPT>TY_WEB_ASSET</DESCRIPT>
    </SEOCOMPOTX>
   </DESCRIPTIONS>
  </asx:values>
 </asx:abap>
</abapGit>
