﻿<?xml version="1.0" encoding="utf-8"?>
<abapGit version="v1.0.0" serializer="LCL_OBJECT_CLAS" serializer_version="v1.0.0">
 <asx:abap xmlns:asx="http://www.sap.com/abapxml" version="1.0">
  <asx:values>
   <VSEOCLASS>
    <CLSNAME>ZCL_ABAPGIT_REQUIREMENT_HELPER</CLSNAME>
    <VERSION>1</VERSION>
    <LANGU>E</LANGU>
    <EXPOSURE>2</EXPOSURE>
    <STATE>1</STATE>
    <CLSFINAL>X</CLSFINAL>
    <CLSCCINCL>X</CLSCCINCL>
    <FIXPT>X</FIXPT>
    <UNICODE>X</UNICODE>
   </VSEOCLASS>
   <DESCRIPTIONS>
    <SEOCOMPOTX>
     <CLSNAME>ZCL_ABAPGIT_REQUIREMENT_HELPER</CLSNAME>
     <CMPNAME>CHECK_REQUIREMENTS</CMPNAME>
     <LANGU>E</LANGU>
     <DESCRIPT>CHECK_REQUIREMENTS</DESCRIPT>
    </SEOCOMPOTX>
    <SEOCOMPOTX>
     <CLSNAME>ZCL_ABAPGIT_REQUIREMENT_HELPER</CLSNAME>
     <CMPNAME>GET_REQUIREMENT_MET_STATUS</CMPNAME>
     <LANGU>E</LANGU>
     <DESCRIPT>GET_REQUIREMENT_MET_STATUS</DESCRIPT>
    </SEOCOMPOTX>
    <SEOCOMPOTX>
     <CLSNAME>ZCL_ABAPGIT_REQUIREMENT_HELPER</CLSNAME>
     <CMPNAME>SHOW_REQUIREMENT_POPUP</CMPNAME>
     <LANGU>E</LANGU>
     <DESCRIPT>SHOW_REQUIREMENT_POPUP</DESCRIPT>
    </SEOCOMPOTX>
    <SEOCOMPOTX>
     <CLSNAME>ZCL_ABAPGIT_REQUIREMENT_HELPER</CLSNAME>
     <CMPNAME>TY_REQUIREMENT_STATUS</CMPNAME>
     <LANGU>E</LANGU>
     <DESCRIPT>TY_REQUIREMENT_STATUS</DESCRIPT>
    </SEOCOMPOTX>
    <SEOCOMPOTX>
     <CLSNAME>ZCL_ABAPGIT_REQUIREMENT_HELPER</CLSNAME>
     <CMPNAME>TY_REQUIREMENT_STATUS_TT</CMPNAME>
     <LANGU>E</LANGU>
     <DESCRIPT>TY_REQUIREMENT_STATUS_TT</DESCRIPT>
    </SEOCOMPOTX>
    <SEOCOMPOTX>
     <CLSNAME>ZCL_ABAPGIT_REQUIREMENT_HELPER</CLSNAME>
     <CMPNAME>VERSION_GREATER_OR_EQUAL</CMPNAME>
     <LANGU>E</LANGU>
     <DESCRIPT>VERSION_GREATER_OR_EQUAL</DESCRIPT>
    </SEOCOMPOTX>
   </DESCRIPTIONS>
  </asx:values>
 </asx:abap>
</abapGit>
